WVL,Z25,Z30,Z35,z40,z45,z50
0.31,4.91E-01,4.24E-01,3.53E-01,2.80E-01,2.11E-01,1.47E-01
0.32,2.14E+00,1.94E+00,1.71E+00,1.47E+00,1.21E+00,9.50E-01
0.33,3.80E+00,3.51E+00,3.18E+00,2.81E+00,2.41E+00,2.00E+00
0.34,5.00E+00,4.66E+00,4.26E+00,3.81E+00,3.32E+00,2.81E+00
0.35,5.97E+00,5.58E+00,5.12E+00,4.62E+00,4.06E+00,3.47E+00
0.36,5.87E+00,5.50E+00,5.07E+00,4.59E+00,4.06E+00,3.49E+00
0.37,6.81E+00,6.39E+00,5.91E+00,5.37E+00,4.78E+00,4.14E+00
0.38,7.06E+00,6.65E+00,6.16E+00,5.61E+00,5.01E+00,4.36E+00
0.39,6.90E+00,6.50E+00,6.04E+00,5.52E+00,4.94E+00,4.32E+00
0.40,8.31E+00,7.84E+00,7.29E+00,6.68E+00,6.00E+00,5.27E+00
0.41,1.16E+01,1.10E+01,1.03E+01,9.41E+00,8.48E+00,7.47E+00
0.42,1.26E+01,1.19E+01,1.11E+01,1.02E+01,9.20E+00,8.13E+00
0.43,1.23E+01,1.16E+01,1.09E+01,1.00E+01,9.06E+00,8.03E+00
0.44,1.28E+01,1.21E+01,1.13E+01,1.05E+01,9.48E+00,8.42E+00
0.45,1.48E+01,1.40E+01,1.31E+01,1.21E+01,1.10E+01,9.79E+00
0.46,1.58E+01,1.50E+01,1.40E+01,1.30E+01,1.18E+01,1.05E+01
0.47,1.59E+01,1.51E+01,1.41E+01,1.31E+01,1.19E+01,1.06E+01
0.48,1.60E+01,1.52E+01,1.43E+01,1.32E+01,1.20E+01,1.07E+01
0.49,1.55E+01,1.47E+01,1.38E+01,1.28E+01,1.17E+01,1.04E+01
0.50,1.56E+01,1.49E+01,1.40E+01,1.29E+01,1.18E+01,1.06E+01
0.51,1.55E+01,1.48E+01,1.39E+01,1.29E+01,1.17E+01,1.05E+01
0.52,1.50E+01,1.43E+01,1.34E+01,1.25E+01,1.14E+01,1.02E+01
0.53,1.51E+01,1.44E+01,1.35E+01,1.25E+01,1.14E+01,1.03E+01
0.54,1.53E+01,1.46E+01,1.37E+01,1.27E+01,1.16E+01,1.04E+01
0.55,1.52E+01,1.45E+01,1.36E+01,1.26E+01,1.15E+01,1.03E+01
0.56,1.51E+01,1.44E+01,1.35E+01,1.25E+01,1.15E+01,1.03E+01
0.57,1.49E+01,1.41E+01,1.33E+01,1.23E+01,1.12E+01,1.01E+01
0.58,1.49E+01,1.41E+01,1.33E+01,1.23E+01,1.12E+01,1.00E+01
0.59,1.47E+01,1.40E+01,1.31E+01,1.22E+01,1.11E+01,9.96E+00
0.60,1.43E+01,1.36E+01,1.28E+01,1.19E+01,1.08E+01,9.69E+00
0.61,1.44E+01,1.36E+01,1.28E+01,1.19E+01,1.09E+01,9.75E+00
0.62,1.41E+01,1.34E+01,1.26E+01,1.17E+01,1.07E+01,9.62E+00
0.63,1.39E+01,1.32E+01,1.24E+01,1.16E+01,1.06E+01,9.50E+00
0.64,1.38E+01,1.31E+01,1.23E+01,1.15E+01,1.05E+01,9.44E+00
0.65,1.36E+01,1.29E+01,1.22E+01,1.13E+01,1.04E+01,9.33E+00
0.66,1.30E+01,1.24E+01,1.17E+01,1.09E+01,9.95E+00,8.97E+00
0.67,1.32E+01,1.26E+01,1.19E+01,1.11E+01,1.02E+01,9.18E+00
0.68,1.31E+01,1.25E+01,1.18E+01,1.10E+01,1.01E+01,9.11E+00
0.69,1.24E+01,1.18E+01,1.11E+01,1.03E+01,9.49E+00,8.57E+00
0.70,1.20E+01,1.14E+01,1.08E+01,1.00E+01,9.19E+00,8.29E+00
0.71,1.20E+01,1.14E+01,1.07E+01,1.00E+01,9.19E+00,8.31E+00
0.72,1.15E+01,1.09E+01,1.03E+01,9.58E+00,8.79E+00,7.93E+00
0.73,1.09E+01,1.04E+01,9.76E+00,9.08E+00,8.32E+00,7.49E+00
0.74,1.11E+01,1.06E+01,9.97E+00,9.29E+00,8.53E+00,7.71E+00
0.75,1.12E+01,1.07E+01,1.01E+01,9.45E+00,8.70E+00,7.88E+00
0.76,1.04E+01,9.95E+00,9.39E+00,8.75E+00,8.04E+00,7.26E+00
0.77,8.89E+00,8.45E+00,7.93E+00,7.35E+00,6.72E+00,6.02E+00
0.78,1.06E+01,1.01E+01,9.57E+00,8.94E+00,8.23E+00,7.46E+00
0.79,1.04E+01,9.97E+00,9.42E+00,8.79E+00,8.10E+00,7.34E+00
0.80,1.01E+01,9.60E+00,9.07E+00,8.47E+00,7.79E+00,7.06E+00
0.81,9.86E+00,9.41E+00,8.89E+00,8.29E+00,7.64E+00,6.92E+00
0.82,9.33E+00,8.90E+00,8.40E+00,7.82E+00,7.19E+00,6.50E+00
0.83,9.12E+00,8.69E+00,8.20E+00,7.64E+00,7.03E+00,6.35E+00
0.84,9.13E+00,8.71E+00,8.23E+00,7.68E+00,7.07E+00,6.40E+00
0.85,9.04E+00,8.63E+00,8.15E+00,7.61E+00,7.01E+00,6.36E+00
0.86,8.66E+00,8.27E+00,7.81E+00,7.30E+00,6.73E+00,6.10E+00
0.87,8.68E+00,8.29E+00,7.84E+00,7.32E+00,6.75E+00,6.13E+00
0.88,8.70E+00,8.31E+00,7.85E+00,7.34E+00,6.76E+00,6.14E+00
0.89,8.51E+00,8.13E+00,7.68E+00,7.18E+00,6.62E+00,6.01E+00
0.90,7.79E+00,7.42E+00,7.00E+00,6.52E+00,5.99E+00,5.42E+00
0.91,7.08E+00,6.74E+00,6.34E+00,5.90E+00,5.40E+00,4.87E+00
0.92,6.77E+00,6.44E+00,6.06E+00,5.63E+00,5.16E+00,4.64E+00
0.93,6.49E+00,6.17E+00,5.81E+00,5.40E+00,4.94E+00,4.45E+00
0.94,4.76E+00,4.50E+00,4.19E+00,3.85E+00,3.47E+00,3.07E+00
0.95,4.91E+00,4.65E+00,4.34E+00,3.99E+00,3.61E+00,3.20E+00
0.96,5.25E+00,4.98E+00,4.66E+00,4.31E+00,3.91E+00,3.49E+00
0.97,5.87E+00,5.59E+00,5.25E+00,4.88E+00,4.46E+00,4.01E+00
0.98,6.29E+00,6.00E+00,5.66E+00,5.27E+00,4.84E+00,4.37E+00
0.99,6.66E+00,6.35E+00,6.00E+00,5.60E+00,5.16E+00,4.68E+00
1.00,6.73E+00,6.43E+00,6.07E+00,5.68E+00,5.23E+00,4.75E+00
1.01,6.60E+00,6.30E+00,5.96E+00,5.57E+00,5.13E+00,4.66E+00
1.02,6.48E+00,6.19E+00,5.85E+00,5.47E+00,5.04E+00,4.58E+00
1.03,6.31E+00,6.03E+00,5.70E+00,5.33E+00,4.91E+00,4.46E+00
1.04,6.21E+00,5.93E+00,5.61E+00,5.24E+00,4.84E+00,4.39E+00
1.05,6.13E+00,5.85E+00,5.53E+00,5.17E+00,4.77E+00,4.33E+00
1.06,5.89E+00,5.62E+00,5.31E+00,4.97E+00,4.58E+00,4.16E+00
1.07,5.72E+00,5.46E+00,5.16E+00,4.82E+00,4.44E+00,4.03E+00
1.08,5.58E+00,5.32E+00,5.03E+00,4.69E+00,4.33E+00,3.92E+00
1.09,5.33E+00,5.09E+00,4.80E+00,4.48E+00,4.13E+00,3.74E+00
1.10,4.98E+00,4.75E+00,4.48E+00,4.17E+00,3.83E+00,3.46E+00
1.11,4.57E+00,4.34E+00,4.08E+00,3.79E+00,3.46E+00,3.11E+00
1.12,3.57E+00,3.38E+00,3.15E+00,2.90E+00,2.62E+00,2.32E+00
1.13,2.36E+00,2.20E+00,2.03E+00,1.83E+00,1.62E+00,1.40E+00
1.14,2.68E+00,2.51E+00,2.33E+00,2.12E+00,1.89E+00,1.64E+00
1.15,2.95E+00,2.77E+00,2.58E+00,2.35E+00,2.11E+00,1.85E+00
1.16,3.54E+00,3.35E+00,3.13E+00,2.89E+00,2.62E+00,2.33E+00
1.17,4.30E+00,4.09E+00,3.86E+00,3.59E+00,3.29E+00,2.97E+00
1.18,4.36E+00,4.16E+00,3.92E+00,3.65E+00,3.35E+00,3.03E+00
1.19,4.22E+00,4.02E+00,3.79E+00,3.53E+00,3.24E+00,2.93E+00
1.20,4.22E+00,4.02E+00,3.79E+00,3.53E+00,3.25E+00,2.94E+00
1.21,4.16E+00,3.97E+00,3.74E+00,3.49E+00,3.21E+00,2.90E+00
1.22,4.22E+00,4.02E+00,3.80E+00,3.54E+00,3.26E+00,2.95E+00
1.23,4.24E+00,4.05E+00,3.82E+00,3.57E+00,3.29E+00,2.98E+00
1.24,4.28E+00,4.09E+00,3.87E+00,3.61E+00,3.33E+00,3.02E+00
1.25,4.22E+00,4.03E+00,3.81E+00,3.56E+00,3.28E+00,2.98E+00
1.26,4.09E+00,3.90E+00,3.69E+00,3.44E+00,3.17E+00,2.87E+00
1.27,3.74E+00,3.57E+00,3.37E+00,3.14E+00,2.88E+00,2.60E+00
1.28,3.80E+00,3.63E+00,3.42E+00,3.19E+00,2.93E+00,2.65E+00
1.29,3.83E+00,3.65E+00,3.45E+00,3.22E+00,2.96E+00,2.68E+00
1.30,3.75E+00,3.57E+00,3.37E+00,3.15E+00,2.89E+00,2.62E+00
1.31,3.52E+00,3.36E+00,3.16E+00,2.94E+00,2.70E+00,2.44E+00
1.32,3.17E+00,3.01E+00,2.83E+00,2.63E+00,2.41E+00,2.16E+00
1.33,2.77E+00,2.62E+00,2.46E+00,2.27E+00,2.06E+00,1.84E+00
1.34,2.30E+00,2.17E+00,2.02E+00,1.86E+00,1.67E+00,1.48E+00
1.35,1.68E+00,1.58E+00,1.46E+00,1.32E+00,1.18E+00,1.02E+00
1.36,2.89E-01,2.61E-01,2.30E-01,1.98E-01,1.64E-01,1.31E-01
1.37,2.92E-02,2.45E-02,1.97E-02,1.50E-02,1.07E-02,7.10E-03
1.38,1.27E-01,1.11E-01,9.30E-02,7.50E-02,5.74E-02,4.12E-02
1.39,9.84E-02,8.53E-02,7.13E-02,5.71E-02,4.34E-02,3.09E-02
1.40,1.61E-01,1.41E-01,1.19E-01,9.62E-02,7.42E-02,5.37E-02
1.41,2.97E-01,2.65E-01,2.30E-01,1.93E-01,1.56E-01,1.20E-01
1.42,6.89E-01,6.31E-01,5.66E-01,4.96E-01,4.21E-01,3.45E-01
1.43,9.80E-01,9.07E-01,8.25E-01,7.34E-01,6.36E-01,5.35E-01
1.44,1.02E+00,9.46E-01,8.62E-01,7.69E-01,6.70E-01,5.66E-01
1.45,1.14E+00,1.06E+00,9.75E-01,8.76E-01,7.68E-01,6.56E-01
1.46,1.46E+00,1.37E+00,1.26E+00,1.15E+00,1.02E+00,8.90E-01
1.47,1.37E+00,1.29E+00,1.19E+00,1.08E+00,9.58E-01,8.31E-01
1.48,1.44E+00,1.36E+00,1.25E+00,1.14E+00,1.02E+00,8.84E-01
1.49,1.68E+00,1.58E+00,1.47E+00,1.35E+00,1.22E+00,1.07E+00
1.50,2.16E+00,2.05E+00,1.92E+00,1.78E+00,1.63E+00,1.46E+00
1.51,2.36E+00,2.25E+00,2.12E+00,1.97E+00,1.81E+00,1.63E+00
1.52,2.44E+00,2.33E+00,2.20E+00,2.05E+00,1.88E+00,1.70E+00
1.53,2.50E+00,2.38E+00,2.25E+00,2.10E+00,1.94E+00,1.76E+00
1.54,2.46E+00,2.35E+00,2.22E+00,2.07E+00,1.91E+00,1.73E+00
1.55,2.45E+00,2.34E+00,2.21E+00,2.07E+00,1.91E+00,1.73E+00
1.56,2.45E+00,2.34E+00,2.21E+00,2.07E+00,1.91E+00,1.73E+00
1.57,2.36E+00,2.25E+00,2.13E+00,1.99E+00,1.83E+00,1.66E+00
1.58,2.25E+00,2.15E+00,2.03E+00,1.89E+00,1.74E+00,1.58E+00
1.59,2.25E+00,2.15E+00,2.03E+00,1.90E+00,1.75E+00,1.59E+00
1.60,2.19E+00,2.09E+00,1.98E+00,1.85E+00,1.70E+00,1.55E+00
1.61,2.13E+00,2.03E+00,1.92E+00,1.79E+00,1.65E+00,1.49E+00
1.62,2.15E+00,2.05E+00,1.94E+00,1.81E+00,1.67E+00,1.52E+00
1.63,2.18E+00,2.08E+00,1.96E+00,1.84E+00,1.69E+00,1.54E+00
1.64,2.14E+00,2.04E+00,1.93E+00,1.80E+00,1.66E+00,1.51E+00
1.65,2.08E+00,1.99E+00,1.88E+00,1.76E+00,1.62E+00,1.47E+00
1.66,2.08E+00,1.98E+00,1.88E+00,1.75E+00,1.62E+00,1.47E+00
1.67,2.06E+00,1.96E+00,1.86E+00,1.73E+00,1.60E+00,1.45E+00
1.68,2.01E+00,1.92E+00,1.81E+00,1.69E+00,1.56E+00,1.42E+00
1.69,1.96E+00,1.87E+00,1.77E+00,1.66E+00,1.53E+00,1.39E+00
1.70,1.93E+00,1.84E+00,1.74E+00,1.63E+00,1.50E+00,1.36E+00
1.71,1.88E+00,1.80E+00,1.70E+00,1.59E+00,1.46E+00,1.33E+00
1.72,1.83E+00,1.74E+00,1.65E+00,1.54E+00,1.42E+00,1.29E+00
1.73,1.74E+00,1.66E+00,1.57E+00,1.47E+00,1.35E+00,1.22E+00
1.74,1.63E+00,1.56E+00,1.47E+00,1.37E+00,1.26E+00,1.14E+00
1.75,1.58E+00,1.51E+00,1.42E+00,1.33E+00,1.22E+00,1.10E+00
1.76,1.55E+00,1.48E+00,1.40E+00,1.30E+00,1.19E+00,1.08E+00
1.77,1.47E+00,1.40E+00,1.32E+00,1.22E+00,1.12E+00,1.01E+00
1.78,1.31E+00,1.24E+00,1.17E+00,1.08E+00,9.91E-01,8.89E-01
1.79,1.16E+00,1.10E+00,1.03E+00,9.48E-01,8.61E-01,7.68E-01
1.80,9.15E-01,8.62E-01,8.01E-01,7.32E-01,6.57E-01,5.77E-01
1.81,5.64E-01,5.24E-01,4.78E-01,4.28E-01,3.74E-01,3.18E-01
1.82,2.77E-01,2.53E-01,2.25E-01,1.95E-01,1.64E-01,1.33E-01
1.83,1.04E-01,9.21E-02,7.93E-02,6.59E-02,5.24E-02,3.95E-02
1.84,1.57E-02,1.32E-02,1.07E-02,8.26E-03,5.99E-03,4.02E-03
1.85,8.76E-03,7.19E-03,5.60E-03,4.11E-03,2.79E-03,1.72E-03
1.86,1.11E-02,9.22E-03,7.28E-03,5.42E-03,3.76E-03,2.38E-03
1.87,1.64E-02,1.37E-02,1.10E-02,8.34E-03,5.92E-03,3.85E-03
1.88,1.38E-02,1.17E-02,9.51E-03,7.34E-03,5.33E-03,3.58E-03
1.89,4.99E-02,4.33E-02,3.61E-02,2.89E-02,2.19E-02,1.55E-02
1.90,3.48E-02,2.99E-02,2.48E-02,1.96E-02,1.46E-02,1.02E-02
1.91,2.01E-02,1.71E-02,1.39E-02,1.07E-02,7.76E-03,5.20E-03
1.92,5.43E-02,4.74E-02,4.00E-02,3.25E-02,2.51E-02,1.82E-02
1.93,1.38E-01,1.24E-01,1.08E-01,9.14E-02,7.44E-02,5.76E-02
1.94,2.51E-01,2.30E-01,2.06E-01,1.79E-01,1.52E-01,1.23E-01
1.95,3.82E-01,3.54E-01,3.22E-01,2.87E-01,2.49E-01,2.10E-01
1.96,4.63E-01,4.32E-01,3.96E-01,3.57E-01,3.14E-01,2.68E-01
1.97,6.56E-01,6.18E-01,5.74E-01,5.25E-01,4.71E-01,4.13E-01
1.98,8.56E-01,8.11E-01,7.60E-01,7.02E-01,6.38E-01,5.69E-01
1.99,9.26E-01,8.80E-01,8.27E-01,7.67E-01,7.01E-01,6.29E-01
2.00,7.98E-01,7.56E-01,7.08E-01,6.53E-01,5.93E-01,5.29E-01
2.01,5.27E-01,4.94E-01,4.56E-01,4.14E-01,3.68E-01,3.19E-01
2.02,5.84E-01,5.50E-01,5.10E-01,4.65E-01,4.17E-01,3.65E-01
2.03,7.93E-01,7.53E-01,7.06E-01,6.54E-01,5.95E-01,5.32E-01
2.04,8.74E-01,8.32E-01,7.84E-01,7.29E-01,6.68E-01,6.02E-01
2.05,8.20E-01,7.80E-01,7.33E-01,6.81E-01,6.23E-01,5.60E-01
2.06,7.17E-01,6.80E-01,6.38E-01,5.90E-01,5.36E-01,4.79E-01
2.07,7.14E-01,6.77E-01,6.35E-01,5.88E-01,5.35E-01,4.78E-01
2.08,7.80E-01,7.42E-01,6.98E-01,6.49E-01,5.94E-01,5.34E-01
2.09,8.20E-01,7.81E-01,7.37E-01,6.86E-01,6.30E-01,5.69E-01
2.10,8.21E-01,7.83E-01,7.39E-01,6.89E-01,6.33E-01,5.73E-01
2.11,8.06E-01,7.69E-01,7.26E-01,6.77E-01,6.23E-01,5.64E-01
2.12,7.78E-01,7.42E-01,7.01E-01,6.54E-01,6.02E-01,5.45E-01
2.13,7.61E-01,7.27E-01,6.87E-01,6.41E-01,5.91E-01,5.35E-01
2.14,7.57E-01,7.23E-01,6.83E-01,6.38E-01,5.89E-01,5.34E-01
2.15,7.30E-01,6.97E-01,6.58E-01,6.15E-01,5.66E-01,5.14E-01
2.16,6.98E-01,6.66E-01,6.29E-01,5.86E-01,5.40E-01,4.89E-01
2.17,6.90E-01,6.59E-01,6.22E-01,5.81E-01,5.34E-01,4.84E-01
2.18,6.71E-01,6.40E-01,6.05E-01,5.64E-01,5.19E-01,4.71E-01
2.19,6.43E-01,6.14E-01,5.79E-01,5.40E-01,4.97E-01,4.51E-01
2.20,6.26E-01,5.98E-01,5.64E-01,5.26E-01,4.84E-01,4.38E-01
2.21,6.35E-01,6.06E-01,5.72E-01,5.34E-01,4.91E-01,4.45E-01
2.22,6.57E-01,6.28E-01,5.93E-01,5.54E-01,5.10E-01,4.63E-01
2.23,6.57E-01,6.27E-01,5.93E-01,5.53E-01,5.10E-01,4.62E-01
2.24,6.43E-01,6.14E-01,5.80E-01,5.41E-01,4.99E-01,4.52E-01
2.25,6.27E-01,5.98E-01,5.65E-01,5.27E-01,4.85E-01,4.39E-01
2.26,6.11E-01,5.83E-01,5.50E-01,5.13E-01,4.72E-01,4.27E-01
2.27,5.99E-01,5.71E-01,5.39E-01,5.03E-01,4.62E-01,4.18E-01
2.28,5.91E-01,5.64E-01,5.32E-01,4.96E-01,4.56E-01,4.13E-01
2.29,5.81E-01,5.54E-01,5.22E-01,4.87E-01,4.47E-01,4.05E-01
2.30,5.58E-01,5.32E-01,5.02E-01,4.67E-01,4.29E-01,3.87E-01
2.31,5.31E-01,5.06E-01,4.77E-01,4.44E-01,4.08E-01,3.69E-01
2.32,4.76E-01,4.54E-01,4.28E-01,3.98E-01,3.66E-01,3.30E-01
2.33,4.44E-01,4.24E-01,3.99E-01,3.72E-01,3.41E-01,3.08E-01
2.34,4.42E-01,4.21E-01,3.97E-01,3.69E-01,3.38E-01,3.05E-01
2.35,4.55E-01,4.33E-01,4.07E-01,3.78E-01,3.46E-01,3.11E-01
2.36,4.89E-01,4.65E-01,4.37E-01,4.06E-01,3.72E-01,3.34E-01
2.37,4.78E-01,4.54E-01,4.27E-01,3.96E-01,3.63E-01,3.26E-01
2.38,4.32E-01,4.10E-01,3.85E-01,3.57E-01,3.25E-01,2.92E-01
2.39,4.02E-01,3.82E-01,3.59E-01,3.32E-01,3.03E-01,2.72E-01
2.40,3.98E-01,3.78E-01,3.55E-01,3.29E-01,3.01E-01,2.70E-01
2.41,3.89E-01,3.69E-01,3.46E-01,3.20E-01,2.92E-01,2.61E-01
2.42,3.77E-01,3.58E-01,3.35E-01,3.09E-01,2.81E-01,2.50E-01
2.43,3.91E-01,3.71E-01,3.48E-01,3.22E-01,2.93E-01,2.61E-01
2.44,3.68E-01,3.49E-01,3.27E-01,3.02E-01,2.75E-01,2.45E-01
2.45,3.22E-01,3.05E-01,2.85E-01,2.62E-01,2.37E-01,2.10E-01
2.46,3.22E-01,3.04E-01,2.84E-01,2.61E-01,2.36E-01,2.09E-01
2.47,3.17E-01,2.99E-01,2.79E-01,2.56E-01,2.31E-01,2.04E-01
2.48,2.65E-01,2.49E-01,2.30E-01,2.10E-01,1.87E-01,1.63E-01
2.49,1.98E-01,1.84E-01,1.69E-01,1.52E-01,1.33E-01,1.14E-01
2.50,1.79E-01,1.66E-01,1.52E-01,1.36E-01,1.18E-01,9.99E-02
,,,,,,
,,,,,,
,,,,,,
,,,,,,
,,,,,,
,,,,,,
,,,,,,
,,,,,,
,,,,,,
,,,,,,
,,,,,,
,,,,,,
,,,,,,
,,,,,,
,,,,,,
,,,,,,
,,,,,,
,,,,,,
,,,,,,
,,,,,,
,,,,,,
,,,,,,
,,,,,,
,,,,,,
,,,,,,
,,,,,,
,,,,,,
,,,,,,
,,,,,,
,,,,,,
,,,,,,
,,,,,,
,,,,,,
,,,,,,
,,,,,,
,,,,,,
,,,,,,
,,,,,,
,,,,,,
,,,,,,
,,,,,,
,,,,,,
,,,,,,
,,,,,,
,,,,,,
,,,,,,
,,,,,,
,,,,,,
,,,,,,
,,,,,,
,,,,,,
,,,,,,
,,,,,,
,,,,,,
,,,,,,
,,,,,,
,,,,,,
,,,,,,
,,,,,,
,,,,,,
,,,,,,
,,,,,,
,,,,,,
,,,,,,
,,,,,,
,,,,,,
,,,,,,
,,,,,,
,,,,,,
,,,,,,
,,,,,,
,,,,,,
,,,,,,
,,,,,,
,,,,,,
,,,,,,
,,,,,,
,,,,,,
,,,,,,
,,,,,,
,,,,,,
,,,,,,
,,,,,,
,,,,,,
,,,,,,
,,,,,,
,,,,,,
,,,,,,
,,,,,,
,,,,,,
,,,,,,
,,,,,,
,,,,,,
,,,,,,
,,,,,,
,,,,,,
,,,,,,
,,,,,,
,,,,,,
,,,,,,
,,,,,,
,,,,,,
,,,,,,
,,,,,,
,,,,,,
,,,,,,
,,,,,,
,,,,,,
,,,,,,
,,,,,,
,,,,,,
,,,,,,
,,,,,,
,,,,,,
,,,,,,
,,,,,,
,,,,,,
,,,,,,
,,,,,,
,,,,,,
,,,,,,
,,,,,,
,,,,,,
,,,,,,
,,,,,,
,,,,,,
,,,,,,
,,,,,,
,,,,,,
,,,,,,
,,,,,,
,,,,,,
,,,,,,
,,,,,,
,,,,,,
,,,,,,
,,,,,,
,,,,,,
,,,,,,
,,,,,,
,,,,,,
,,,,,,
,,,,,,
,,,,,,
,,,,,,
,,,,,,
,,,,,,
,,,,,,
,,,,,,
,,,,,,
,,,,,,
,,,,,,
,,,,,,
,,,,,,
,,,,,,
,,,,,,
,,,,,,
,,,,,,
,,,,,,
,,,,,,
,,,,,,
,,,,,,
,,,,,,
,,,,,,
,,,,,,
,,,,,,
,,,,,,
,,,,,,
,,,,,,
,,,,,,
,,,,,,
,,,,,,
,,,,,,
,,,,,,
,,,,,,
,,,,,,
,,,,,,
,,,,,,
,,,,,,
,,,,,,
,,,,,,
,,,,,,
,,,,,,
,,,,,,
,,,,,,
,,,,,,
,,,,,,
,,,,,,
,,,,,,
,,,,,,
,,,,,,
,,,,,,
,,,,,,
,,,,,,
,,,,,,
,,,,,,
,,,,,,
,,,,,,
,,,,,,
,,,,,,
,,,,,,
,,,,,,
,,,,,,
,,,,,,
,,,,,,
,,,,,,
,,,,,,
,,,,,,
,,,,,,
,,,,,,
,,,,,,
,,,,,,
,,,,,,
,,,,,,
,,,,,,
,,,,,,
,,,,,,
,,,,,,
,,,,,,
,,,,,,
,,,,,,
,,,,,,
,,,,,,
,,,,,,
,,,,,,
,,,,,,
,,,,,,
,,,,,,
,,,,,,
,,,,,,
,,,,,,
,,,,,,
,,,,,,
,,,,,,
,,,,,,
,,,,,,
,,,,,,
,,,,,,
,,,,,,
,,,,,,
,,,,,,
,,,,,,
,,,,,,
,,,,,,
,,,,,,
,,,,,,
,,,,,,
,,,,,,
,,,,,,
,,,,,,